state_name,state_name_slug,state_code,state_code_slug,title,party,name,name_slug,first_name,middle_name,last_name,name_suffix,goes_by,gender,ethnicity,religion,date_of_birth,entered_office,term_end,website,contact_page,facebook_url,twitter_handle,twitter_url,photo_url
Alaska,alaska,AK,ak,senator,republican,Daniel Sullivan,daniel-sullivan,Daniel,,Sullivan,,Dan,male,white-american,roman-catholic,11/13/1964,1/3/2015,1/3/2027,http://www.sullivan.senate.gov,https://www.sullivan.senate.gov/contact/email,https://facebook.com/SenDanSullivan,SenDanSullivan,https://twitter.com/SenDanSullivan,https://cdn.civil.services/us-senate/headshots/512x512/daniel-sullivan.jpg
Alaska,alaska,AK,ak,senator,republican,Lisa Murkowski,lisa-murkowski,Lisa,,Murkowski,,,female,white-american,roman-catholic,5/22/1957,12/20/2002,1/3/2023,http://www.murkowski.senate.gov,https://www.murkowski.senate.gov/public/index.cfm/contact,https://facebook.com/SenLisaMurkowski,lisamurkowski,https://twitter.com/lisamurkowski,https://cdn.civil.services/us-senate/headshots/512x512/lisa-murkowski.jpg
Alabama,alabama,AL,al,senator,republican,Tommy Tuberville,tommy-tuberville,Tommy,Hawley,Tuberville,,,male,white-american,christian,9/18/1954,1/3/2021,1/3/2027,https://www.tuberville.senate.gov,https://www.tuberville.senate.gov/,https://facebook.com/SenatorTuberville/,SenTuberville,https://twitter.com/SenTuberville,https://cdn.civil.services/us-senate/headshots/512x512/tommy-tuberville.jpg
Alabama,alabama,AL,al,senator,republican,Richard  Shelby,richard-shelby,Richard ,C.,Shelby,,,male,white-american,presbyterian,5/6/1934,1/3/1987,1/3/2023,http://www.shelby.senate.gov,https://www.shelby.senate.gov/public/index.cfm/emailsenatorshelby,https://facebook.com/RichardShelby,SenShelby,https://twitter.com/SenShelby,https://cdn.civil.services/us-senate/headshots/512x512/richard-shelby.jpg
Arkansas,arkansas,AR,ar,senator,republican,John Boozman,john-boozman,John,,Boozman,,,male,white-american,southern-baptist,12/10/1950,1/3/2011,1/3/2023,http://www.boozman.senate.gov,https://www.boozman.senate.gov/public/index.cfm/contact,https://facebook.com/JohnBoozman,JohnBoozman,https://twitter.com/JohnBoozman,https://cdn.civil.services/us-senate/headshots/512x512/john-boozman.jpg
Arkansas,arkansas,AR,ar,senator,republican,Tom Cotton,tom-cotton,Tom,,Cotton,,,male,white-american,methodist,5/13/1977,1/3/2015,1/3/2027,http://www.cotton.senate.gov,https://www.cotton.senate.gov/?p=contact,https://facebook.com/SenatorTomCotton,sentomcotton,https://twitter.com/sentomcotton,https://cdn.civil.services/us-senate/headshots/512x512/tom-cotton.jpg
Arizona,arizona,AZ,az,senator,democrat,Kyrsten Sinema,kyrsten-sinema,Kyrsten,,Sinema,,,female,white-american,unspecified,7/12/1976,1/3/2019,1/3/2025,https://www.sinema.senate.gov/,https://www.senate.gov/senators/116thCongress/SinemaKyrsten.htm,https://facebook.com/KyrstenSinema,kyrstensinema,https://twitter.com/kyrstensinema,https://cdn.civil.services/us-senate/headshots/512x512/kyrsten-sinema.jpg
Arizona,arizona,AZ,az,senator,democrat,Mark Kelly,mark-kelly,Mark,,Kelly,,,male,white-american,unspecified,2/21/1964,12/2/2020,1/3/2023,https://www.kelly.senate.gov,https://www.kelly.senate.gov/,https://facebook.com/SenMarkKelly/,SenMarkKelly,https://twitter.com/SenMarkKelly,https://cdn.civil.services/us-senate/headshots/512x512/mark-kelly.jpg
California,california,CA,ca,senator,democrat,Dianne Feinstein,dianne-feinstein,Dianne,,Feinstein,,,female,white-american,jewish,6/22/1933,11/10/1992,1/3/2019,http://www.feinstein.senate.gov,https://www.feinstein.senate.gov/public/index.cfm/e-mail-me,https://facebook.com/SenatorFeinstein,SenFeinstein,https://twitter.com/SenFeinstein,https://cdn.civil.services/us-senate/headshots/512x512/dianne-feinstein.jpg
California,california,CA,ca,senator,democrat,Alejandro Padilla,alejandro-padilla,Alejandro,,Padilla,,Alex,male,hispanic-american,catholic,3/22/1973,1/20/2021,1/3/2027,https://www.padilla.senate.gov/,https://www.padilla.senate.gov/,https://facebook.com/SenAlexPadilla/,SenAlexPadilla,https://twitter.com/SenAlexPadilla,https://cdn.civil.services/us-senate/headshots/512x512/alejandro-padilla.jpg
Colorado,colorado,CO,co,senator,democrat,John Hickenlooper,john-hickenlooper,John,Wright,Hickenlooper,Jr.,,male,white-american,unspecified,2/7/1952,1/3/2021,1/3/2027,https://www.hickenlooper.senate.gov/,https://www.hickenlooper.senate.gov,,SenatorHick,https://twitter.com/SenatorHick,https://cdn.civil.services/us-senate/headshots/512x512/john-hickenlooper.jpg
Colorado,colorado,CO,co,senator,democrat,Michael  Bennet,michael-bennet,Michael ,F.,Bennet,,,male,white-american,unspecified,11/28/1964,1/21/2009,1/3/2023,http://www.bennet.senate.gov,https://www.bennet.senate.gov/?p=contact,https://facebook.com/SenatorBennet,SenatorBennet,https://twitter.com/SenatorBennet,https://cdn.civil.services/us-senate/headshots/512x512/michael-bennet.jpg
Connecticut,connecticut,CT,ct,senator,democrat,Christopher Murphy,christopher-murphy,Christopher,,Murphy,,Chris,male,white-american,protestant,8/3/1973,1/3/2013,1/3/2019,http://www.murphy.senate.gov,https://www.murphy.senate.gov/contact,https://facebook.com/ChrisMurphyCT,ChrisMurphyCT,https://twitter.com/ChrisMurphyCT,https://cdn.civil.services/us-senate/headshots/512x512/christopher-murphy.jpg
Connecticut,connecticut,CT,ct,senator,democrat,Richard Blumenthal,richard-blumenthal,Richard,,Blumenthal,,Dick,male,white-american,jewish,2/13/1946,1/5/2011,1/3/2023,http://www.blumenthal.senate.gov,https://www.blumenthal.senate.gov/contact/,https://facebook.com/SenBlumenthal,SenBlumenthal,https://twitter.com/SenBlumenthal,https://cdn.civil.services/us-senate/headshots/512x512/richard-blumenthal.jpg
Delaware,delaware,DE,de,senator,democrat,Christopher Coons,christopher-coons,Christopher,A.,Coons,,Chris,male,white-american,presbyterian,9/9/1963,11/15/2010,1/3/2027,http://www.coons.senate.gov,https://www.coons.senate.gov/contact,https://facebook.com/senatorchriscoons,ChrisCoons,https://twitter.com/ChrisCoons,https://cdn.civil.services/us-senate/headshots/512x512/christopher-coons.jpg
Delaware,delaware,DE,de,senator,democrat,Thomas Carper,thomas-carper,Thomas,R.,Carper,,Tom,male,white-american,presbyterian,1/23/1947,1/3/2001,1/3/2019,http://www.carper.senate.gov,https://www.carper.senate.gov/public/index.cfm/email-senator-carper,https://facebook.com/tomcarper,SenatorCarper,https://twitter.com/SenatorCarper,https://cdn.civil.services/us-senate/headshots/512x512/thomas-carper.jpg
Florida,florida,FL,fl,senator,republican,Rick Scott,rick-scott,Rick,,Scott,,,male,white-american,unspecified,12/1/1952,1/3/2019,1/3/2025,https://www.rickscott.senate.gov,https://www.rickscott.senate.gov/contact_rick,https://facebook.com/RickScottSenOffice,SenRickScott,https://twitter.com/SenRickScott,https://cdn.civil.services/us-senate/headshots/512x512/rick-scott.jpg
Florida,florida,FL,fl,senator,republican,Marco Rubio,marco-rubio,Marco,,Rubio,,,male,hispanic-american,roman-catholic,5/28/1971,1/3/2011,1/3/2023,http://www.rubio.senate.gov,https://www.rubio.senate.gov/public/index.cfm/contact,https://facebook.com/SenatorMarcoRubio,marcorubio,https://twitter.com/marcorubio,https://cdn.civil.services/us-senate/headshots/512x512/marco-rubio.jpg
Georgia,georgia,GA,ga,senator,democrat,Jon Ossoff,jon-ossoff,Jon,,Ossoff,,,male,white-american,jewish,2/16/1987,1/20/2021,1/3/2027,https://www.ossoff.senate.gov/,https://www.ossoff.senate.gov/contact/,https://facebook.com/SenOssoff,SenOssoff,https://twitter.com/SenOssoff,https://cdn.civil.services/us-senate/headshots/512x512/jon-ossoff.jpg
Georgia,georgia,GA,ga,senator,democrat,Raphael Warnock,raphael-warnock,Raphael,Gamaliel,Warnock,,,male,african-american,baptist,7/23/1969,1/20/2021,1/3/2027,https://www.warnock.senate.gov/,https://www.warnock.senate.gov/,https://facebook.com/SenatorWarnock,SenatorWarnock,https://twitter.com/SenatorWarnock,https://cdn.civil.services/us-senate/headshots/512x512/raphael-warnock.jpg
Hawaii,hawaii,HI,hi,senator,democrat,Brian Schatz,brian-schatz,Brian,,Schatz,,,male,white-american,jewish,10/20/1972,12/26/2012,1/3/2023,http://www.schatz.senate.gov,https://www.schatz.senate.gov/contact,https://facebook.com/SenBrianSchatz,brianschatz,https://twitter.com/brianschatz,https://cdn.civil.services/us-senate/headshots/512x512/brian-schatz.jpg
Hawaii,hawaii,HI,hi,senator,democrat,Mazie Hirono,mazie-hirono,Mazie,K.,Hirono,,,female,asian-american,buddhism,11/3/1947,1/3/2013,1/3/2019,http://www.hirono.senate.gov,https://www.hirono.senate.gov/contact,https://facebook.com/senatorhirono,maziehirono,https://twitter.com/maziehirono,https://cdn.civil.services/us-senate/headshots/512x512/mazie-hirono.jpg
Iowa,iowa,IA,ia,senator,republican,Charles Grassley,charles-grassley,Charles,,Grassley,,Chuck,male,white-american,baptist,9/17/1933,1/3/1981,1/3/2023,http://www.grassley.senate.gov,https://www.grassley.senate.gov/contact,https://facebook.com/grassley,ChuckGrassley,https://twitter.com/ChuckGrassley,https://cdn.civil.services/us-senate/headshots/512x512/charles-grassley.jpg
Iowa,iowa,IA,ia,senator,republican,Joni Ernst,joni-ernst,Joni,,Ernst,,,female,white-american,lutheran,7/1/1970,1/3/2015,1/3/2027,http://www.ernst.senate.gov,https://www.ernst.senate.gov/public/index.cfm/contact,https://facebook.com/joniforiowa,joniernst,https://twitter.com/joniernst,https://cdn.civil.services/us-senate/headshots/512x512/joni-ernst.jpg
Idaho,idaho,ID,id,senator,republican,James Risch,james-risch,James,E.,Risch,,Jim,male,white-american,roman-catholic,5/3/1943,1/3/2009,1/3/2027,http://www.risch.senate.gov,https://www.risch.senate.gov/public/index.cfm?p=Email,https://facebook.com/SenatorRisch,SenatorRisch,https://twitter.com/SenatorRisch,https://cdn.civil.services/us-senate/headshots/512x512/james-risch.jpg
Idaho,idaho,ID,id,senator,republican,Mike Crapo,mike-crapo,Mike,,Crapo,,,male,white-american,mormon,5/20/1951,1/3/1999,1/3/2023,http://www.crapo.senate.gov,https://www.crapo.senate.gov/contact/email.cfm,https://facebook.com/mikecrapo,MikeCrapo,https://twitter.com/MikeCrapo,https://cdn.civil.services/us-senate/headshots/512x512/mike-crapo.jpg
Illinois,illinois,IL,il,senate-minority-whip,democrat,Richard Durbin,richard-durbin,Richard,J.,Durbin,,Dick,male,white-american,roman-catholic,11/21/1944,1/3/1997,1/3/2027,http://www.durbin.senate.gov,https://www.durbin.senate.gov/contact/,https://facebook.com/SenatorDurbin,SenatorDurbin,https://twitter.com/SenatorDurbin,https://cdn.civil.services/us-senate/headshots/512x512/richard-durbin.jpg
Illinois,illinois,IL,il,senator,democrat,Tammy Duckworth,tammy-duckworth,Tammy,,Duckworth,,,female,asian-american,deist,3/12/1968,1/3/2017,1/3/2023,http://www.duckworth.senate.gov,https://www.duckworth.senate.gov/content/contact-senator,https://facebook.com/CongresswomanTammyDuckworth,SenDuckworth,https://twitter.com/RepDuckworth,https://cdn.civil.services/us-senate/headshots/512x512/tammy-duckworth.jpg
Indiana,indiana,IN,in,senator,republican,Mike Braun,mike-braun,Mike,,Braun,,,male,white-american,unspecified,3/24/1954,1/3/2019,1/3/2025,https://www.braun.senate.gov/,https://www.braun.senate.gov/,https://facebook.com/SenatorBraun,SenatorBraun,https://twitter.com/SenatorBraun,https://cdn.civil.services/us-senate/headshots/512x512/mike-braun.jpg
Indiana,indiana,IN,in,senator,republican,Todd Young,todd-young,Todd,,Young,,,male,white-american,christian,8/24/1972,1/3/2017,1/3/2023,http://www.young.senate.gov,https://www.young.senate.gov/content/contact-senator,https://facebook.com/ToddYoungIndiana,ToddYoungIN,https://twitter.com/ToddYoungIN,https://cdn.civil.services/us-senate/headshots/512x512/todd-young.jpg
Kansas,kansas,KS,ks,senator,republican,Jerry Moran,jerry-moran,Jerry,,Moran,,,male,white-american,methodist,5/29/1954,1/3/2011,1/3/2023,http://www.moran.senate.gov,https://www.moran.senate.gov/public/index.cfm/e-mail-jerry,https://facebook.com/jerrymoran,JerryMoran,https://twitter.com/JerryMoran,https://cdn.civil.services/us-senate/headshots/512x512/jerry-moran.jpg
Kansas,kansas,KS,ks,senator,republican,Roger Marshall,roger-marshall,Roger,W.,Marshall,,,male,white-american,unspecified,8/9/1960,1/3/2021,1/3/2027,https://www.marshall.senate.gov,https://www.marshall.senate.gov,,RogerMarshallMD,https://twitter.com/SenatorMarshall,https://cdn.civil.services/us-senate/headshots/512x512/roger-marshall.jpg
Kentucky,kentucky,KY,ky,senate-majority-leader,republican,Mitch McConnell,mitch-mcconnell,Mitch,,McConnell,,,male,white-american,southern-baptist,2/20/1942,1/3/1985,1/3/2027,http://www.mcconnell.senate.gov,https://www.mcconnell.senate.gov/public/index.cfm?p=contact,https://facebook.com/McConnellForSenate,McConnellPress,https://twitter.com/McConnellPress,https://cdn.civil.services/us-senate/headshots/512x512/mitch-mcconnell.jpg
Kentucky,kentucky,KY,ky,senator,republican,Rand Paul,rand-paul,Rand,,Paul,,,male,white-american,presbyterian,1/7/1963,1/3/2011,1/3/2023,http://www.paul.senate.gov,https://www.paul.senate.gov/connect/email-rand,https://facebook.com/SenatorRandPaul,RandPaul,https://twitter.com/RandPaul,https://cdn.civil.services/us-senate/headshots/512x512/rand-paul.jpg
Louisiana,louisiana,LA,la,senator,republican,Bill Cassidy,bill-cassidy,Bill,,Cassidy,,,male,white-american,christian,9/28/1957,1/3/2015,1/3/2027,http://www.cassidy.senate.gov,https://www.cassidy.senate.gov/contact,https://facebook.com/billcassidy,SenBillCassidy,https://twitter.com/SenatorCassidy,https://cdn.civil.services/us-senate/headshots/512x512/bill-cassidy.jpg
Louisiana,louisiana,LA,la,senator,republican,John Kennedy,john-kennedy,John,Neely,Kennedy,,,male,white-american,methodist,11/21/1951,1/3/2017,1/3/2023,http://www.kennedy.senate.gov,https://www.kennedy.senate.gov/content/contact-senator,https://facebook.com/JohnKennedyLouisiana,JohnKennedyLA,https://twitter.com/JohnKennedyLA,https://cdn.civil.services/us-senate/headshots/512x512/john-kennedy.jpg
Massachusetts,massachusetts,MA,ma,senator,democrat,Edward Markey,edward-markey,Edward,J.,Markey,,Ed,male,white-american,roman-catholic,11/11/1946,7/16/2013,1/3/2027,http://www.markey.senate.gov,https://www.markey.senate.gov/contact,https://facebook.com/EdJMarkey,SenMarkey,https://twitter.com/SenMarkey,https://cdn.civil.services/us-senate/headshots/512x512/edward-markey.jpg
Massachusetts,massachusetts,MA,ma,senator,democrat,Elizabeth Warren,elizabeth-warren,Elizabeth,,Warren,,,female,white-american,methodist,6/22/1949,1/3/2013,1/3/2019,http://www.warren.senate.gov,https://www.warren.senate.gov/?p=email_senator,https://facebook.com/senatorelizabethwarren,SenWarren,https://twitter.com/SenWarren,https://cdn.civil.services/us-senate/headshots/512x512/elizabeth-warren.jpg
Maryland,maryland,MD,md,senator,democrat,Benjamin Cardin,benjamin-cardin,Benjamin,,Cardin,,Ben,male,white-american,jewish,10/5/1943,1/3/2007,1/3/2019,http://www.cardin.senate.gov,https://www.cardin.senate.gov/contact/,https://facebook.com/senatorbencardin,SenatorCardin,https://twitter.com/SenatorCardin,https://cdn.civil.services/us-senate/headshots/512x512/benjamin-cardin.jpg
Maryland,maryland,MD,md,senator,democrat,Chris Van Hollen,chris-van-hollen,Chris,,Van Hollen,,,male,white-american,episcopalian,1/10/1959,1/3/2017,1/3/2023,http://www.vanhollen.senate.gov,https://www.vanhollen.senate.gov/content/contact-senator,https://facebook.com/chrisvanhollen,ChrisVanHollen,https://twitter.com/ChrisVanHollen,https://cdn.civil.services/us-senate/headshots/512x512/chris-van-hollen.jpg
Maine,maine,ME,me,senator,independent,Angus King,angus-king,Angus,S.,King,Jr.,,male,white-american,episcopalian,3/31/1944,1/3/2013,1/3/2019,http://www.king.senate.gov,https://www.king.senate.gov/contact,https://facebook.com/SenatorAngusSKingJr,SenAngusKing,https://twitter.com/SenAngusKing,https://cdn.civil.services/us-senate/headshots/512x512/angus-king.jpg
Maine,maine,ME,me,senator,republican,Susan Collins,susan-collins,Susan,M.,Collins,,,female,white-american,roman-catholic,12/7/1952,1/3/1997,1/3/2027,http://www.collins.senate.gov,https://www.collins.senate.gov/contact,https://facebook.com/susancollins,senatorcollins,https://twitter.com/senatorcollins,https://cdn.civil.services/us-senate/headshots/512x512/susan-collins.jpg
Michigan,michigan,MI,mi,senator,democrat,Debbie Stabenow,debbie-stabenow,Debbie,,Stabenow,,,female,white-american,methodist,4/29/1950,1/3/2001,1/3/2019,http://www.stabenow.senate.gov,https://www.stabenow.senate.gov/?p=contact,https://facebook.com/stabenow,SenStabenow,https://twitter.com/SenStabenow,https://cdn.civil.services/us-senate/headshots/512x512/debbie-stabenow.jpg
Michigan,michigan,MI,mi,senator,democrat,Gary Peters,gary-peters,Gary,C.,Peters,,,male,white-american,episcopalian,1/1/1958,1/3/2015,1/3/2027,http://www.peters.senate.gov,https://www.peters.senate.gov/contact/email-gary,https://facebook.com/SenGaryPeters,SenGaryPeters,https://twitter.com/SenGaryPeters,https://cdn.civil.services/us-senate/headshots/512x512/gary-peters.jpg
Minnesota,minnesota,MN,mn,senator,democrat,Tina Smith,tina-smith,Tina,Flint,Smith,,,female,white-american,unspecified,3/4/1958,1/2/2018,1/3/2019,https://www.smith.senate.gov/,https://www.smith.senate.gov/content/contact-senator,https://facebook.com/USSenTinaSmith,SenTinaSmith,https://twitter.com/SenTinaSmith,https://cdn.civil.services/us-senate/headshots/512x512/tina-smith.jpg
Minnesota,minnesota,MN,mn,senator,democrat,Amy Klobuchar,amy-klobuchar,Amy,,Klobuchar,,,female,white-american,congregationalist,5/25/1960,1/3/2007,1/3/2019,http://www.klobuchar.senate.gov,https://www.klobuchar.senate.gov/public/index.cfm/email-amy,https://facebook.com/amyklobuchar,amyklobuchar,https://twitter.com/amyklobuchar,https://cdn.civil.services/us-senate/headshots/512x512/amy-klobuchar.jpg
Missouri,missouri,MO,mo,senator,republican,Josh Hawley,josh-hawley,Josh,,Hawley,,,male,white-american,unspecified,12/31/1979,1/3/2019,1/3/2025,https://www.hawley.senate.gov,https://www.hawley.senate.gov/contact-senator-hawley,https://facebook.com/SenatorHawley,HawleyMO,https://twitter.com/HawleyMO,https://cdn.civil.services/us-senate/headshots/512x512/josh-hawley.jpg
Missouri,missouri,MO,mo,senator,republican,Roy Blunt,roy-blunt,Roy,,Blunt,,,male,white-american,southern-baptist,1/10/1950,1/3/2011,1/3/2023,http://www.blunt.senate.gov,https://www.blunt.senate.gov/public/index.cfm/contact-roy,https://facebook.com/RoyForMissouri,RoyBlunt,https://twitter.com/RoyBlunt,https://cdn.civil.services/us-senate/headshots/512x512/roy-blunt.jpg
Mississippi,mississippi,MS,ms,senator,republican,Roger Wicker,roger-wicker,Roger,F.,Wicker,,,male,white-american,southern-baptist,7/5/1951,12/31/2007,1/3/2019,http://www.wicker.senate.gov,https://www.wicker.senate.gov/public/index.cfm/contact,https://facebook.com/wicker,SenatorWicker,https://twitter.com/SenatorWicker,https://cdn.civil.services/us-senate/headshots/512x512/roger-wicker.jpg
Mississippi,mississippi,MS,ms,senator,republican,Cindy Hyde-Smith,cindy-hyde-smith,Cindy,,Hyde-Smith,,,female,white-american,christian,5/10/1959,4/9/2018,1/3/2027,http://www.hydesmith.senate.gov,https://www.hydesmith.senate.gov/content/contact-senator,https://facebook.com/SenatorCindyHydeSmith,SenHydeSmith,https://twitter.com/SenHydeSmith,https://cdn.civil.services/us-senate/headshots/512x512/cindy-hyde-smith.jpg
Montana,montana,MT,mt,senator,democrat,Jon Tester,jon-tester,Jon,,Tester,,,male,white-american,church-of-god,8/21/1956,1/3/2007,1/3/2019,http://www.tester.senate.gov,https://www.tester.senate.gov/?p=email_senator,https://facebook.com/senatortester,SenatorTester,https://twitter.com/SenatorTester,https://cdn.civil.services/us-senate/headshots/512x512/jon-tester.jpg
Montana,montana,MT,mt,senator,republican,Steve Daines,steve-daines,Steve,,Daines,,,male,white-american,presbyterian,8/20/1962,1/3/2015,1/3/2027,http://www.daines.senate.gov,https://www.daines.senate.gov/connect/email-steve,https://facebook.com/SteveDainesMT,SteveDaines,https://twitter.com/SteveDaines,https://cdn.civil.services/us-senate/headshots/512x512/steve-daines.jpg
North Carolina,north-carolina,NC,nc,senator,republican,Richard Burr,richard-burr,Richard,,Burr,,,male,white-american,methodist,11/30/1955,1/3/2005,1/3/2023,http://www.burr.senate.gov,https://www.burr.senate.gov/contact/email,https://facebook.com/SenatorRichardBurr,SenatorBurr,https://twitter.com/SenatorBurr,https://cdn.civil.services/us-senate/headshots/512x512/richard-burr.jpg
North Carolina,north-carolina,NC,nc,senator,republican,Thom Tillis,thom-tillis,Thom,,Tillis,,,male,white-american,roman-catholic,8/30/1960,1/3/2015,1/3/2027,http://www.tillis.senate.gov,https://www.tillis.senate.gov/public/index.cfm/email-me,https://facebook.com/SenatorThomTillis,SenThomTillis,https://twitter.com/SenThomTillis,https://cdn.civil.services/us-senate/headshots/512x512/thom-tillis.jpg
North Dakota,north-dakota,ND,nd,senator,republican,Kevin Cramer,kevin-cramer,Kevin,,Cramer,,,male,white-american,unspecified,1/21/1961,1/3/2019,1/3/2025,https://www.cramer.senate.gov/,https://www.cramer.senate.gov/,https://facebook.com/SenatorKevinCramer,SenKevinCramer,https://twitter.com/SenKevinCramer,https://cdn.civil.services/us-senate/headshots/512x512/kevin-cramer.jpg
North Dakota,north-dakota,ND,nd,senator,republican,John Hoeven,john-hoeven,John,,Hoeven,,,male,white-american,roman-catholic,3/13/1957,1/3/2011,1/3/2023,http://www.hoeven.senate.gov,https://www.hoeven.senate.gov/public/index.cfm/email-the-senator,https://facebook.com/SenatorJohnHoeven,SenJohnHoeven,https://twitter.com/SenJohnHoeven,https://cdn.civil.services/us-senate/headshots/512x512/john-hoeven.jpg
Nebraska,nebraska,NE,ne,senator,republican,Ben Sasse,ben-sasse,Ben,,Sasse,,,male,white-american,evangelical-lutheran,2/22/1972,1/3/2015,1/3/2027,http://www.sasse.senate.gov,https://www.sasse.senate.gov/public/index.cfm/email-ben,https://facebook.com/SenatorSasse,SenSasse,https://twitter.com/SenSasse,https://cdn.civil.services/us-senate/headshots/512x512/ben-sasse.jpg
Nebraska,nebraska,NE,ne,senator,republican,Deb Fischer,deb-fischer,Deb,,Fischer,,,female,white-american,presbyterian,3/1/1951,1/3/2013,1/3/2019,http://www.fischer.senate.gov,https://www.fischer.senate.gov/public/index.cfm/contact,https://facebook.com/senatordebfischer,SenatorFischer,https://twitter.com/SenatorFischer,https://cdn.civil.services/us-senate/headshots/512x512/deb-fischer.jpg
New Hampshire,new-hampshire,NH,nh,senator,democrat,Jeanne Shaheen,jeanne-shaheen,Jeanne,,Shaheen,,,female,white-american,protestant,1/28/1947,1/3/2009,1/13/2021,http://www.shaheen.senate.gov,https://www.shaheen.senate.gov/contact/contact-jeanne,https://facebook.com/SenatorShaheen,SenatorShaheen,https://twitter.com/SenatorShaheen,https://cdn.civil.services/us-senate/headshots/512x512/jeanne-shaheen.jpg
New Hampshire,new-hampshire,NH,nh,senator,democrat,Margaret Hassan,margaret-hassan,Margaret,,Hassan,,Maggie,female,white-american,united-church-of-christ,2/27/1958,1/3/2017,1/3/2023,http://www.hassan.senate.gov,https://www.hassan.senate.gov/content/contact-senator,https://facebook.com/maggiefornh,Maggie_Hassan,https://twitter.com/Maggie_Hassan,https://cdn.civil.services/us-senate/headshots/512x512/margaret-hassan.jpg
New Jersey,new-jersey,NJ,nj,senator,democrat,Cory Booker,cory-booker,Cory,,Booker,,,male,african-american,roman-catholic,4/27/1969,10/31/2013,1/3/2027,http://www.booker.senate.gov,https://www.booker.senate.gov/?p=contact,https://facebook.com/corybooker,CoryBooker,https://twitter.com/CoryBooker,https://cdn.civil.services/us-senate/headshots/512x512/cory-booker.jpg
New Jersey,new-jersey,NJ,nj,senator,democrat,Robert Menendez,robert-menendez,Robert,,Menendez,,,male,hispanic-american,christian,1/1/1954,1/18/2006,1/3/2019,http://menendez.senate.gov,https://www.menendez.senate.gov/contact,https://facebook.com/senatormenendez,SenatorMenendez,https://twitter.com/SenatorMenendez,https://cdn.civil.services/us-senate/headshots/512x512/robert-menendez.jpg
New Mexico,new-mexico,NM,nm,senator,democrat,Martin Heinrich,martin-heinrich,Martin,,Heinrich,,,male,white-american,lutheran,10/17/1971,1/3/2013,1/3/2019,http://www.heinrich.senate.gov,https://www.heinrich.senate.gov/contact,https://facebook.com/MartinHeinrich,MartinHeinrich,https://twitter.com/MartinHeinrich,https://cdn.civil.services/us-senate/headshots/512x512/martin-heinrich.jpg
New Mexico,new-mexico,NM,nm,senator,democrat,Ben Luján,ben-lujan,Ben,Ray,Luján,,,male,hispanic-american,christian,6/7/1972,1/3/2021,1/3/2027,https://www.lujan.senate.gov,https://www.lujan.senate.gov/,https://www.facebook.com/SenatorLujan/,SenatorLujan,https://twitter.com/SenatorLujan,https://cdn.civil.services/us-senate/headshots/512x512/ben-lujan.jpg
Nevada,nevada,NV,nv,senator,democrat,Catherine Cortez-Masto,catherine-cortez-masto,Catherine,,Cortez-Masto,,,female,hispanic-american,roman-catholic,3/29/1964,1/3/2017,1/3/2023,http://www.masto.senate.gov,https://www.cortezmasto.senate.gov/content/contact-senator,https://facebook.com/catherinecortezmasto,SenCortezMasto,https://twitter.com/CatherineForNV,https://cdn.civil.services/us-senate/headshots/512x512/catherine-cortez-masto.jpg
Nevada,nevada,NV,nv,senator,democrat,Jacky Rosen,jacky-rosen,Jacky,,Rosen,,,female,white-american,unspecified,8/2/1957,1/3/2019,1/3/2025,https://www.rosen.senate.gov/,https://www.rosen.senate.gov/,https://facebook.com/SenJackyRosen,SenJackyRosen,https://twitter.com/SenJackyRosen,https://cdn.civil.services/us-senate/headshots/512x512/jacky-rosen.jpg
New York,new-york,NY,ny,senate-minority-leader,democrat,Charles Schumer,charles-schumer,Charles,E.,Schumer,,Chuck,male,white-american,jewish,11/23/1950,1/3/1999,1/3/2023,http://www.schumer.senate.gov,https://www.schumer.senate.gov/contact/email-chuck,https://facebook.com/senschumer,SenSchumer,https://twitter.com/SenSchumer,https://cdn.civil.services/us-senate/headshots/512x512/charles-schumer.jpg
New York,new-york,NY,ny,senator,democrat,Kirsten Gillibrand,kirsten-gillibrand,Kirsten,E.,Gillibrand,,,female,white-american,roman-catholic,12/9/1966,1/26/2009,1/3/2019,http://www.gillibrand.senate.gov,https://www.gillibrand.senate.gov/contact/,https://facebook.com/KirstenGillibrand,SenGillibrand,https://twitter.com/SenGillibrand,https://cdn.civil.services/us-senate/headshots/512x512/kirsten-gillibrand.jpg
Ohio,ohio,OH,oh,senator,republican,Rob Portman,rob-portman,Rob,,Portman,,,male,white-american,methodist,12/19/1955,1/3/2011,1/3/2023,http://www.portman.senate.gov,https://www.portman.senate.gov/public/index.cfm/contact?p=contact...,https://facebook.com/senrobportman,robportman,https://twitter.com/robportman,https://cdn.civil.services/us-senate/headshots/512x512/rob-portman.jpg
Ohio,ohio,OH,oh,senator,democrat,Sherrod Brown,sherrod-brown,Sherrod,,Brown,,,male,white-american,lutheran,11/9/1952,1/3/2007,1/3/2019,http://www.brown.senate.gov,https://www.brown.senate.gov/contact/,https://facebook.com/sherrod,SenSherrodBrown,https://twitter.com/SenSherrodBrown,https://cdn.civil.services/us-senate/headshots/512x512/sherrod-brown.jpg
Oklahoma,oklahoma,OK,ok,senator,republican,James Inhofe,james-inhofe,James,M.,Inhofe,,Jim,male,white-american,southern-baptist,11/17/1934,11/17/1994,1/3/2027,http://www.inhofe.senate.gov,https://www.inhofe.senate.gov/contact,https://facebook.com/jiminhofe,jiminhofe,https://twitter.com/jiminhofe,https://cdn.civil.services/us-senate/headshots/512x512/james-inhofe.jpg
Oklahoma,oklahoma,OK,ok,senator,republican,James Lankford,james-lankford,James,,Lankford,,,male,white-american,presbyterian,3/4/1968,1/3/2015,1/3/2023,http://www.lankford.senate.gov,https://www.lankford.senate.gov/contact/email,https://facebook.com/SenatorLankford,SenatorLankford,https://twitter.com/SenatorLankford,https://cdn.civil.services/us-senate/headshots/512x512/james-lankford.jpg
Oregon,oregon,OR,or,senator,democrat,Jeff Merkley,jeff-merkley,Jeff,,Merkley,,,male,white-american,lutheran,10/24/1956,1/3/2009,1/3/2027,http://www.merkley.senate.gov,https://www.merkley.senate.gov/contact/,https://facebook.com/jeffmerkley,SenJeffMerkley,https://twitter.com/SenJeffMerkley,https://cdn.civil.services/us-senate/headshots/512x512/jeff-merkley.jpg
Oregon,oregon,OR,or,senator,democrat,Ron Wyden,ron-wyden,Ron,,Wyden,,,male,white-american,jewish,5/3/1949,2/6/1996,1/3/2023,http://www.wyden.senate.gov,https://www.wyden.senate.gov/contact/,https://facebook.com/wyden,RonWyden,https://twitter.com/RonWyden,https://cdn.civil.services/us-senate/headshots/512x512/ron-wyden.jpg
Pennsylvania,pennsylvania,PA,pa,senator,republican,Patrick Toomey,patrick-toomey,Patrick,J.,Toomey,,Pat,male,white-american,roman-catholic,11/17/1961,1/3/2011,1/3/2023,http://www.toomey.senate.gov,https://www.toomey.senate.gov/?p=contact,https://facebook.com/senatortoomey,SenToomey,https://twitter.com/SenToomey,https://cdn.civil.services/us-senate/headshots/512x512/patrick-toomey.jpg
Pennsylvania,pennsylvania,PA,pa,senator,democrat,Robert Casey,robert-casey,Robert,P.,Casey,Jr.,Bob,male,white-american,roman-catholic,4/13/1960,1/3/2007,1/3/2019,http://www.casey.senate.gov,https://www.casey.senate.gov/contact/,https://facebook.com/SenatorBobCasey,SenBobCasey,https://twitter.com/SenBobCasey,https://cdn.civil.services/us-senate/headshots/512x512/robert-casey.jpg
Rhode Island,rhode-island,RI,ri,senator,democrat,Jack Reed,jack-reed,Jack,,Reed,,,male,white-american,roman-catholic,11/12/1949,1/3/1997,1/3/2027,http://www.reed.senate.gov,https://www.reed.senate.gov/contact/,https://facebook.com/SenJackReed,SenJackReed,https://twitter.com/SenJackReed,https://cdn.civil.services/us-senate/headshots/512x512/jack-reed.jpg
Rhode Island,rhode-island,RI,ri,senator,democrat,Sheldon Whitehouse,sheldon-whitehouse,Sheldon,,Whitehouse,,,male,white-american,episcopalian,10/20/1955,1/3/2007,1/3/2019,http://www.whitehouse.senate.gov,https://www.whitehouse.senate.gov/contact/email-sheldon,https://facebook.com/SenatorWhitehouse,SenWhitehouse,https://twitter.com/SenWhitehouse,https://cdn.civil.services/us-senate/headshots/512x512/sheldon-whitehouse.jpg
South Carolina,south-carolina,SC,sc,senator,republican,Lindsey Graham,lindsey-graham,Lindsey,,Graham,,,male,white-american,southern-baptist,7/9/1955,1/3/2003,1/3/2027,http://www.lgraham.senate.gov,https://www.lgraham.senate.gov/public/index.cfm/e-mail-senator-gr...,https://facebook.com/USSenatorLindseyGraham,LindseyGrahamSC,https://twitter.com/LindseyGrahamSC,https://cdn.civil.services/us-senate/headshots/512x512/lindsey-graham.jpg
South Carolina,south-carolina,SC,sc,senator,republican,Tim Scott,tim-scott,Tim,,Scott,,,male,african-american,evangelical,9/19/1965,1/2/2013,1/3/2023,http://www.scott.senate.gov,https://www.scott.senate.gov/contact/email-me,https://facebook.com/SenatorTimScott,SenatorTimScott,https://twitter.com/SenatorTimScott,https://cdn.civil.services/us-senate/headshots/512x512/tim-scott.jpg
South Dakota,south-dakota,SD,sd,senate-majority-whip,republican,John Thune,john-thune,John,,Thune,,,male,white-american,evangelical,1/7/1961,1/3/2005,1/3/2023,http://www.thune.senate.gov,https://www.thune.senate.gov/public/index.cfm/contact,https://facebook.com/johnthune,SenJohnThune,https://twitter.com/SenJohnThune,https://cdn.civil.services/us-senate/headshots/512x512/john-thune.jpg
South Dakota,south-dakota,SD,sd,senator,republican,Mike Rounds,mike-rounds,Mike,,Rounds,,,male,white-american,roman-catholic,10/24/1954,1/3/2015,1/3/2027,http://www.rounds.senate.gov,https://www.rounds.senate.gov/contact/email-mike,https://facebook.com/SenatorMikeRounds,SenatorRounds,https://twitter.com/SenatorRounds,https://cdn.civil.services/us-senate/headshots/512x512/mike-rounds.jpg
Tennessee,tennessee,TN,tn,senator,republican,Marsha Blackburn,marsha-blackburn,Marsha,,Blackburn,,,female,white-american,unspecified,6/6/1952,1/3/2019,1/3/2025,https://www.blackburn.senate.gov/,https://www.blackburn.senate.gov/,https://facebook.com/marshablackburn,MarshaBlackburn,https://twitter.com/MarshaBlackburn,https://cdn.civil.services/us-senate/headshots/512x512/marsha-blackburn.jpg
